{"accuracy": 0.8191032669498409, "loss": 0.15352139844622445, "_timestamp": 1706589125.2819023, "_runtime": 2.4643642902374268, "_step": 7, "_wandb": {"runtime": 2}}